陈	昱同	陈昱同	M
陈	柘明	陈柘明	M
陈	跃勋	陈跃勋	M
陈	铭智	陈铭智	M
陈	瑞文	陈瑞文	M
陈	文瑞	陈文瑞	M
陈	栩昊	陈栩昊	M
陈	红根	陈红根	M
陈	松林	陈松林	M
陈	必达	陈必达	M
陈	欣柯	陈欣柯	M
陈	富达	陈富达	M
陈	烨森	陈烨森	M
陈	宇森	陈宇森	M
陈	艺森	陈艺森	M
陈	釜彪	陈釜彪	M
陈	沐泽	陈沐泽	M
陈	子杰	陈子杰	M
陈	梓杰	陈梓杰	M
陈	安沐	陈安沐	M
陈	胤杰	陈胤杰	M
陈	颢文	陈颢文	M
陈	竟实	陈竟实	M
陈	育光	陈育光	M
陈	杰胤	陈杰胤	M
陈	泽沐	陈泽沐	M
陈	枋铄	陈枋铄	M
陈	恩沐	陈恩沐	M
陈	尚逸	陈尚逸	M
陈	文涛	陈文涛	M
陈	皓文	陈皓文	M
陈	孝沐	陈孝沐	M
陈	立嘉	陈立嘉	M
陈	梓沐	陈梓沐	M
陈	敬友	陈敬友	M
陈	展鸿	陈展鸿	M
陈	洪彦	陈洪彦	M
陈	光曙	陈光曙	M
陈	成武	陈成武	M
陈	欣飞	陈欣飞	M
陈	乐文	陈乐文	M
陈	柢沐	陈柢沐	M
陈	文乐	陈文乐	M
陈	祥焱	陈祥焱	M
陈	劲开	陈劲开	M
陈	元杉	陈元杉	M
陈	铭杉	陈铭杉	M
陈	章力	陈章力	M
陈	梓杉	陈梓杉	M
陈	梓鸣	陈梓鸣	M
陈	孝城	陈孝城	M
陈	梓旻	陈梓旻	M
陈	俊羽	陈俊羽	M
陈	嫣然	陈嫣然	F
陈	琪琳	陈琪琳	F
陈	妍然	陈妍然	F
陈	晓燕	陈晓燕	F
陈	芒霖	陈芒霖	F
陈	彦缘	陈彦缘	F
陈	缘	陈缘	F
陈	佳	陈佳	F
陈	娟	陈娟	F
陈	思语	陈思语	F
陈	国珍	陈国珍	F
陈	海珍	陈海珍	F
陈	秀	陈秀	F
陈	慧青	陈慧青	F
陈	禾苗	陈禾苗	F
陈	籽菡	陈籽菡	F
陈	素言	陈素言	F
陈	咏缨	陈咏缨	F
陈	芝驿	陈芝驿	F
陈	思漫	陈思漫	F
陈	红霞	陈红霞	F
陈	怡伊	陈怡伊	F
陈	红	陈红	F
陈	思洁	陈思洁	F
陈	阳娇	陈阳娇	F
陈	洁	陈洁	F
陈	佳慧	陈佳慧	F
陈	爽	陈爽	F
陈	沐涵	陈沐涵	F
陈	英杰	陈英杰	F
陈	绘月	陈绘月	F
陈	绘冰	陈绘冰	F
陈	绘帆	陈绘帆	F